player_id,first_name,last_name,country,gols
1,Augustine,Oldroyd,Kazakhstan,22
2,Pate,Bountiff,Sweden,50
3,Frederica,Dawidman,Albania,62
4,Louella,Lombardo,Indonesia,47
5,Claire,Elcocks,South Africa,58
6,Sandra,Slavin,Peru,18
7,Marcille,Gianetti,China,93
8,Rolf,Bessom,China,89
9,Adelle,Rasch,China,12
10,Adrian,Dilks,China,66
11,Currie,Isakovic,China,42
12,Janelle,Dillway,China,74
13,Olwen,McNab,China,25
14,Frazier,Mattschas,China,20
15,Manfred,MacDaid,Japan,46
16,Consolata,Elven,Philippines,97
17,Graeme,Ayars,France,95
18,Taddeo,Gullam,Ukraine,51
19,Cathlene,Arnaez,China,1
20,Rhody,Laundon,Indonesia,72
21,Mellisa,Evequot,China,34
22,Boycie,Bolding,Indonesia,73
23,Edd,Bisson,Poland,93
24,Mahala,Ferrelli,Gambia,11
25,Cherry,Fitzsimon,France,26
26,Cathe,McAreavey,Indonesia,93
27,Fredelia,Longea,Argentina,23
28,Jobie,Backhurst,Philippines,58
29,Skyler,Fairest,China,44
30,Eleanore,Basant,Brazil,36
31,Nathanial,Laverick,Indonesia,82
32,Modesty,Stolz,Indonesia,72
33,Blanca,Denyagin,United States,2
34,Berny,Douglass,China,61
35,Maible,Halcro,France,68
36,Chancey,Yatman,Russia,77
37,Debora,Lesaunier,Indonesia,82
38,Marlon,Damrel,China,96
39,Cally,Cruwys,Russia,77
40,Gamaliel,Holsey,Canada,14
41,Arlen,Beetham,Indonesia,73
42,Waylin,Songhurst,China,18
43,Rem,Wyard,Malaysia,87
44,Sheffy,Beran,Russia,44
45,Petronille,Cuppleditch,Brazil,85
46,Osborne,Whiteman,China,38
47,Batsheva,Hamblyn,Argentina,1
48,Melvin,Landman,Indonesia,30
49,Tad,Gilliatt,Nigeria,1
50,Willy,Marrington,Indonesia,14
51,Pia,Pollitt,Brazil,38
52,Caroline,Reddie,Honduras,66
53,Dixie,Davenhall,Poland,70
54,Kaleb,Aizik,Ecuador,57
55,Perle,Wray,Greece,97
56,Dasha,Machent,Indonesia,19
57,Florenza,Siddons,Indonesia,87
58,Tomasine,Heathcote,Ukraine,49
59,Ibby,Bottinelli,United States,35
60,Carina,Fellibrand,Yemen,64
61,Aluino,Dooman,Sweden,67
62,Krista,Celes,China,90
63,Sheppard,Backshaw,China,1
64,Vittoria,Fabbri,China,45
65,Enrica,Sebley,Mongolia,49
66,Merwin,Marrable,Cyprus,78
67,Marco,Stable,Russia,51
68,Samuele,Cronk,Russia,8
69,Niccolo,Bullus,Russia,74
70,Regen,Banbrook,Portugal,48
71,Sephira,Sainte Paul,Russia,62
72,Ambrosi,Sweating,Dominican Republic,73
73,Alane,Wainman,France,94
74,Fernande,Pllu,United States,72
75,Millard,McPhaden,Russia,14
76,Eveleen,Sclater,United States,55
77,Tracy,Bowry,China,11
78,Venita,Olfert,China,36
79,Rickert,Girtin,Armenia,19
80,Ronnica,Ditzel,Brazil,31
81,Vincenty,Windress,Greece,65
82,Stephannie,Strand,Argentina,76
83,Vince,McQuarrie,Brazil,80
84,Ken,Fullicks,China,53
85,Dom,Sneaker,Indonesia,56
86,Farly,Gawler,Comoros,33
87,Orv,Rymmer,Bulgaria,59
88,Aharon,Ogers,France,11
89,Mufinella,Felipe,Argentina,95
90,Doretta,McReidy,Portugal,24
91,Minette,Bowmer,United States,80
92,Glenden,Woolveridge,Uzbekistan,58
93,Clementine,Randall,China,92
94,Kym,Poyser,Vietnam,30
95,Valina,De la Zenne,Brazil,80
96,Ingram,Wilson,Palestinian Territory,52
97,Rossie,Ely,China,10
98,Beverley,Lambourn,Indonesia,37
99,Lilah,Oherlihy,Canada,41
100,Steffane,Cropton,China,76
101,Rora,Collaton,Sweden,5
102,Verne,Tutin,Czech Republic,53
103,Hallsy,Abrahm,Nigeria,15
104,Veronike,Marsie,Ivory Coast,85
105,Ronna,Odam,Argentina,32
106,Corney,Plumptre,Portugal,53
107,Blakelee,Brydon,Thailand,7
108,Aguie,Yantsurev,United States,94
109,Arabella,Dumsday,China,93
110,Giulietta,McKall,China,87
111,Harrie,Kail,Poland,30
112,Dannel,Ludye,Lithuania,13
113,Egbert,Rabier,France,28
114,Lena,Ram,Sweden,65
115,Isak,Wank,Russia,3
116,Seymour,Grason,Honduras,71
117,Armand,Wrigglesworth,Brazil,37
118,Micheal,Moseley,Portugal,94
119,Henryetta,Butlin,United States,17
120,Gard,Coweuppe,Ecuador,40
121,Hall,Bartoletti,Bolivia,5
122,Udale,Aubery,Indonesia,66
123,Hattie,Piwall,China,4
124,Bevin,Agney,United States,89
125,Alejandra,Bedingfield,Mali,80
126,Reilly,Headon,Philippines,19
127,Koren,Endean,Spain,27
128,Newton,Coxen,Afghanistan,68
129,Deni,Sends,Kenya,48
130,Minor,Bagshawe,Russia,79
131,Saba,Halwell,China,48
132,Eldredge,Harnott,China,78
133,Tadio,Seaborn,Philippines,98
134,Kayne,Espinheira,Bosnia and Herzegovina,92
135,Rickey,Lademann,Japan,15
136,Shelagh,Martlew,Indonesia,34
137,Jada,Keppin,Indonesia,17
138,Douglass,Ripon,Indonesia,1
139,Merv,Gerrelt,Ukraine,78
140,Sanson,Paxeford,Philippines,67
141,Vic,Pauer,Armenia,51
142,Mallorie,Meegan,Estonia,5
143,Morse,Peret,Uruguay,9
144,Padriac,Goult,Chile,29
145,Marley,Rustadge,Ethiopia,84
146,Maryjane,Milan,Sweden,96
147,Morry,Robard,Philippines,43
148,Tremaine,Neagle,China,32
149,Franni,Hempshall,Indonesia,34
150,Colin,Hupe,Jordan,84
151,Melba,Mowday,Canada,43
152,Katheryn,Fownes,Colombia,86
153,Tamma,Reschke,China,75
154,Natale,Breeds,United States,73
155,Kelsy,Lofty,Indonesia,36
156,Maggy,Claussen,Canada,88
157,Traci,Gladding,Bangladesh,84
158,Arnaldo,Gudgen,Russia,31
159,Trey,Ebrall,Indonesia,35
160,Claudina,Saywood,Serbia,39
161,Selina,Pursehouse,Indonesia,17
162,Winonah,Halksworth,Indonesia,75
163,Kenn,Kitchinham,Japan,6
164,Charmane,Ebbins,Russia,64
165,Ado,Maidstone,Sweden,35
166,Mathilde,Allsupp,Poland,7
167,Virginia,Peckitt,China,8
168,Abeu,Kennedy,Portugal,77
169,Flossie,Pumphrey,Brazil,6
170,Kerry,Kiff,Philippines,20
171,Howie,Gordon,China,55
172,Redford,Waddie,Sweden,51
173,Bibby,Heineking,Kenya,7
174,Forrest,Coale,China,42
175,Jannel,Anneslie,Indonesia,4
176,Dorise,Mingasson,China,3
177,Tatum,Hollington,Uganda,17
178,Markos,Passion,United States,49
179,Aridatha,Theze,Cuba,70
180,Kristo,Cardenoza,Kyrgyzstan,39
181,Raimondo,Cadge,Indonesia,60
182,Adam,Yellowlee,United States,40
183,Starlene,Morena,Portugal,54
184,Bryana,Yitzhak,France,58
185,Constantine,Scarre,China,40
186,Christoforo,Schusterl,Syria,75
187,Sarita,Rustadge,Albania,31
188,Lilah,Dougan,France,57
189,Pauline,Pendreigh,China,65
190,Yettie,O'Curneen,Canada,99
191,Ewart,Riguard,France,90
192,Foss,Szreter,China,68
193,Betty,Judson,Philippines,90
194,Dorrie,Kaubisch,Thailand,34
195,Jamey,Sambrook,Brazil,70
196,Humfrey,Herche,Uruguay,96
197,Deidre,Kenninghan,Japan,91
198,Jens,McRobbie,Ethiopia,64
199,Vitoria,Gravett,Indonesia,29
200,Aurea,Elintune,Hungary,55
201,Merrill,Segrave,Indonesia,7
202,Moira,Calliss,Paraguay,83
203,Amargo,Burris,China,19
204,Tabbitha,Wildman,Myanmar,69
205,Cristiano,Ascraft,Indonesia,89
206,Remy,Conochie,Serbia,97
207,Melli,Pesic,France,54
208,Morry,Piscopello,Oman,70
209,Marlane,Godley,China,8
210,Farrah,Benfield,Liberia,14
211,Bearnard,Cogin,China,2
212,Rawley,Clowser,Iran,4
213,Samuele,Hurler,China,39
214,Solomon,Chopin,Hungary,71
215,Even,Woodburne,Japan,32
216,Chanda,Salvati,Czech Republic,62
217,Ailee,McGannon,Russia,22
218,Reginauld,Domico,Croatia,2
219,Andeee,Wildsmith,Colombia,2
220,Everard,McMorland,Honduras,61
221,Bunni,MacGiolla,Indonesia,40
222,Betsey,Drewes,Indonesia,81
223,Erv,Dybbe,Indonesia,91
224,Betsey,Edmondson,Indonesia,82
225,Nonah,Graybeal,Indonesia,37
226,Elliott,Duxbury,Russia,34
227,Roosevelt,Vargas,Indonesia,85
228,Sasha,Fidler,Indonesia,17
229,Elga,Levene,Lebanon,4
230,Charlean,Orfeur,China,33
231,Shaine,Reade,Ecuador,39
232,Roxie,Cops,Indonesia,5
233,Thoma,Reinbech,Nicaragua,35
234,Avivah,Tupper,China,71
235,Gianni,Lambird,China,73
236,Cally,Langcastle,China,83
237,Josh,Erangy,Philippines,76
238,Lanny,Drydale,United States,57
239,Cass,Sacchetti,Thailand,61
240,Wynn,Bradfield,Vietnam,58
241,Mirelle,Hunnawill,Russia,2
242,Chandal,Cripin,New Zealand,59
243,Sandi,Sirmon,Philippines,46
244,Orelie,Ovendale,Colombia,77
245,Lynn,Condell,China,72
246,Ettie,Poad,Poland,56
247,Jennica,Yanov,Jamaica,68
248,Pierette,Folbige,Finland,67
249,Merilyn,Drogan,France,33
250,Kalila,Kleinmann,Indonesia,93
251,Freddie,Bridgnell,Morocco,71
252,Bev,Henrionot,Philippines,9
253,Claudio,Seeney,Brazil,43
254,Donia,Larraway,Portugal,15
255,Ben,Cremins,China,94
256,Marshall,Gregoratti,Philippines,82
257,Abelard,Peskett,Netherlands,5
258,Tom,Tomson,Ireland,35
259,Faulkner,Corderoy,China,7
260,Corey,Benazet,Indonesia,94
261,Peyter,Rawcliffe,Brazil,100
262,Oralle,McLauchlin,Thailand,37
263,Tammy,Thomson,China,95
264,Kipp,Tumielli,Portugal,89
265,Jackie,Vasyutkin,Cyprus,38
266,Christean,Menlove,Vietnam,84
267,Ramon,Veart,China,37
268,Dyann,Sidary,Brazil,15
269,Rene,Creasy,China,49
270,Tadeas,MacCague,China,70
271,Roseanna,Schleicher,China,55
272,Risa,Stapleford,Sri Lanka,2
273,Casi,Sharples,Sweden,36
274,Lorita,Sends,Peru,8
275,Amery,Dineen,Portugal,91
276,Salaidh,Commings,East Timor,29
277,Binni,Denzey,Ukraine,46
278,Isis,Mahaffey,Philippines,14
279,Brandtr,Drewson,China,90
280,Sherman,Aucourte,Serbia,51
281,Fairleigh,Saban,Haiti,99
282,Shay,Babidge,Philippines,7
283,Carlene,Kubiczek,Canada,57
284,Sheffie,Skyram,Canada,92
285,Sheilah,Marunchak,Greece,44
286,Marinna,Comini,Russia,100
287,Cathee,Vollam,Kuwait,47
288,Angele,Esplin,Czech Republic,33
289,Tommy,Iacovielli,North Korea,70
290,Miranda,Seakings,Colombia,79
291,Cherrita,Labden,Vietnam,12
292,Coretta,Dubose,Madagascar,71
293,Frannie,Tapper,Philippines,28
294,Ted,Semeradova,China,31
295,Doti,Lavelle,Croatia,66
296,Estelle,Atyea,China,77
297,Caldwell,O'Cosgra,Tunisia,91
298,Louis,Lamping,China,94
299,Hedda,Tipple,Ecuador,8
300,Jeramey,Odby,Indonesia,27
301,Aimil,Hedling,Mayotte,52
302,Gaylene,Gotter,Peru,41
303,Cleon,Pottberry,Ukraine,56
304,Fergus,Bullingham,United Kingdom,54
305,Roi,Flood,Yemen,14
306,Gabbey,Lewknor,Canada,48
307,Rahel,Poat,Russia,91
308,Murdoch,Hamberstone,Belarus,43
309,Tally,O'Regan,Netherlands,11
310,Abram,Ancketill,Mali,45
311,Tobias,Noades,Indonesia,5
312,Fleur,Easen,Bulgaria,87
313,Susana,McKilroe,Yemen,3
314,Jerald,Barnfield,Brazil,98
315,Willabella,Sutch,Peru,35
316,Laurie,Ruffler,Brazil,8
317,Kasey,Baudouin,China,83
318,Boy,Tuminini,Russia,81
319,Jennica,Ruskin,China,25
320,Alberik,Biagini,Brazil,59
321,Imogene,Priscott,Syria,64
322,Verna,Degan,Philippines,26
323,Savina,Thewys,China,89
324,Geralda,Revelle,China,4
325,Davina,Meenan,China,2
326,Drusi,Croysdale,China,80
327,Ondrea,Mattosoff,Cameroon,85
328,Pearle,Gannicott,Indonesia,96
329,Margalit,Standfield,Colombia,8
330,Gunter,Jaksic,Australia,75
331,Gene,Blacksell,China,53
332,Shayla,Halfacre,China,39
333,Meaghan,Puttan,France,65
334,Corinne,Ripon,Indonesia,46
335,Harley,Ruzicka,United States,77
336,Wald,Summerrell,United States,23
337,Orella,Quoit,Greece,65
338,Jonis,Starkie,Indonesia,1
339,Teddy,Sebire,Indonesia,79
340,Hana,Kadd,Iran,72
341,Sigismond,Abrahamowitcz,Indonesia,33
342,Chip,Jiles,China,28
343,Cassius,Constance,Ecuador,67
344,Malva,Truin,Democratic Republic of the Congo,7
345,Ennis,Cod,Portugal,50
346,Elise,Rissom,Iran,54
347,Lianna,Riepl,Cuba,37
348,Taddeo,Stych,China,8
349,Dorise,Tutin,China,30
350,Paule,Pehrsson,Indonesia,82
351,Fanni,Bengle,Mexico,48
352,Marie,Bilbee,Latvia,4
353,Casar,Hargreaves,Peru,65
354,Orland,Martineau,Vietnam,60
355,Lionel,Manueli,China,20
356,Claude,Bocke,Philippines,71
357,Lilyan,Demann,Poland,28
358,Cherilyn,Delacourt,Portugal,30
359,Cathryn,Sherrell,China,47
360,Willow,Bohike,Armenia,6
361,Blaire,Alden,Colombia,49
362,Tove,Brackstone,Poland,20
363,Lezlie,Fairlie,United States,84
364,Pam,Cudde,Spain,96
365,Milissent,Slateford,China,98
366,Erinna,Fredi,Burkina Faso,30
367,Sonia,Readett,China,10
368,Colas,Parton,Indonesia,99
369,Mufi,Danieli,Indonesia,29
370,Alyosha,McCamish,Philippines,100
371,Kathye,Pien,Portugal,25
372,Barnaby,Milsom,China,26
373,Siouxie,Rex,Russia,91
374,Fanechka,Murley,Indonesia,37
375,Roddie,Conybear,Cuba,80
376,Christian,Clamp,Nicaragua,73
377,Morrie,Chiese,Russia,36
378,Fannie,Demchen,Cuba,76
379,Charmine,Sendall,Russia,100
380,Lenard,Wyard,Poland,2
381,Mord,Chisnell,China,36
382,Baudoin,Groveham,Italy,32
383,Cherlyn,Macken,China,55
384,Missie,Laidlow,Panama,16
385,Gweneth,Kloska,Russia,56
386,Goober,Vagges,Indonesia,66
387,Dorry,Pole,China,70
388,Maisey,Redmore,China,77
389,Tera,Mathan,Greece,55
390,Glori,Oloshkin,Philippines,88
391,Margarete,Chevalier,Philippines,93
392,Gustavo,Joannidi,China,58
393,Antonin,Vallis,China,29
394,Ermina,Forsythe,Russia,30
395,Bondy,Heed,Cuba,6
396,Max,Leemans,Thailand,36
397,Simmonds,Style,Ukraine,20
398,Marie,Dimitrescu,Kuwait,87
399,Miner,Dykins,Portugal,21
400,Raddy,Rewcastle,Sweden,79
401,Leoline,Sellors,Indonesia,80
402,Rena,Koschek,Botswana,36
403,Orbadiah,Filkin,Sierra Leone,55
404,Giavani,Pichmann,China,47
405,Del,Bigg,Philippines,12
406,Lenna,Haliday,Mexico,60
407,Wilmar,Collihole,Burkina Faso,33
408,Page,Grosvenor,China,66
409,Wayland,Briskey,Madagascar,25
410,Mira,McGrath,Haiti,17
411,Ingeberg,Maryan,Pakistan,47
412,Emmie,Aucutt,Argentina,77
413,Bridie,Dinnis,Jordan,27
414,Hilliary,Thackston,China,86
415,Kiley,Sangwine,Brazil,25
416,Hamlen,Royson,China,21
417,Bennie,Ivanisov,Indonesia,82
418,Jillie,Alelsandrovich,Spain,6
419,Hildagarde,Schrei,Poland,23
420,Donn,Heliot,China,74
421,Rose,Hawtrey,Russia,12
422,Doe,Rebillard,Japan,5
423,Harlene,Doulton,New Zealand,66
424,Jenifer,Splevings,Sweden,99
425,Doe,Harder,China,8
426,Maridel,Themann,Brazil,35
427,Lorraine,Linke,Uganda,76
428,Nisse,Skelcher,South Africa,7
429,Winfred,Eicheler,Armenia,24
430,Kissiah,Medway,Mongolia,84
431,Chico,Deehan,Tanzania,61
432,Reuven,McCrum,Brazil,22
433,Bunni,Bovaird,Bolivia,7
434,Paige,Tebald,Ireland,67
435,Shepperd,Jennemann,China,67
436,Aurelia,Dowson,Portugal,38
437,Shepard,Mattiacci,France,90
438,Gideon,Baudesson,Brazil,10
439,Ciel,Birtwell,Cuba,92
440,Osmund,Greguoli,Belarus,41
441,Tandi,Fane,China,57
442,Alyss,Dowman,China,22
443,Blondie,Gane,Indonesia,96
444,Adoree,Abbes,Sweden,66
445,Jaquenetta,Sugge,Russia,80
446,Inge,Bartoletti,China,57
447,Colver,Alexander,China,36
448,Zorina,Matyushonok,China,60
449,Kasey,Banes,Nigeria,19
450,Jillie,Rudram,Nicaragua,10
451,Tomi,Tilzey,Poland,53
452,Kiersten,Oganian,Poland,52
453,Fleur,Rablan,Czech Republic,50
454,Clevie,Fursse,Indonesia,94
455,Rosaleen,Dahlback,France,49
456,Garland,Napthine,Sweden,43
457,Zorana,Scanlon,United States,17
458,Albie,Marryatt,Sweden,6
459,Arthur,de Savery,Vietnam,10
460,Ian,Peniello,China,53
461,Monica,Smiley,China,75
462,Gearalt,Vass,Tanzania,14
463,Shep,Haensel,Russia,21
464,Leonore,Warman,Sudan,33
465,Maybelle,Domokos,United States,43
466,Simone,McElwee,Armenia,97
467,Melamie,Mungane,Philippines,35
468,Dick,Matschuk,Philippines,79
469,Dinah,Mangon,China,98
470,Millicent,Norrington,Trinidad and Tobago,7
471,Cheryl,Nazair,Poland,88
472,Roxie,Greyes,China,20
473,Jere,Lawless,Sweden,88
474,Edgar,Syder,Norway,37
475,Remington,Axcell,Germany,100
476,Cinnamon,Vasenin,Ghana,27
477,Jarib,Marking,Croatia,44
478,Drucy,Greenin,Indonesia,15
479,Rudiger,Bissatt,Indonesia,72
480,Louella,Johnikin,Estonia,50
481,Axe,Oppy,Slovenia,63
482,Arlana,Sute,Peru,4
483,Guido,Axcell,Philippines,23
484,Frederique,Lobbe,Afghanistan,8
485,Ax,Bakey,China,28
486,Darell,Pearlman,Afghanistan,3
487,Marlane,Filippucci,Peru,11
488,Artemus,Blanpein,Luxembourg,23
489,Florri,Gislebert,Japan,42
490,Hendrika,Jacobowicz,Sweden,83
491,Dorthy,Curran,Indonesia,18
492,Bibi,Allum,Philippines,96
493,Cristi,Tumini,France,88
494,Elbertine,Endley,Philippines,98
495,Abeu,Crucitti,Russia,55
496,Eirena,Collocott,Indonesia,23
497,Hetti,Titman,Kazakhstan,28
498,Marlyn,Ridder,Argentina,39
499,Erena,Withrop,Norway,7
500,Valencia,Marlow,Nicaragua,10
501,Sallyann,Heathorn,Argentina,67
502,Izaak,Eisikowitch,China,35
503,Sloane,Civitillo,Brazil,11
504,Larry,Roache,Finland,41
505,Frans,Stribbling,Lithuania,39
506,Izabel,Handslip,Uzbekistan,68
507,Cherey,Van Saltsberg,Croatia,96
508,Brien,Sarjant,Luxembourg,90
509,Kimberlee,Mealand,United States,95
510,Joyce,Matyugin,Portugal,44
511,Dallas,McAndie,Egypt,19
512,Taddeo,Lippini,Philippines,100
513,Mirabelle,Tott,Georgia,69
514,Stephenie,Muldownie,Paraguay,62
515,Cordie,Crockford,Indonesia,28
516,Daria,Heppenspall,Tunisia,8
517,Myrle,Simoens,China,6
518,Elden,Westbury,Philippines,18
519,Vonny,Kneeland,Mozambique,85
520,Filmore,Fordham,China,81
521,Tabbie,Chittleburgh,Portugal,77
522,Bernardine,Barrim,Indonesia,96
523,Myles,Aronowitz,Brazil,10
524,Norene,Crabb,China,3
525,Teador,Alekseicik,Bulgaria,75
526,Carolyn,Pady,China,55
527,Richardo,Alchin,Indonesia,50
528,Emelen,Blakeman,Poland,99
529,Carroll,Kopelman,China,56
530,Farrel,Mitkov,Russia,99
531,Warner,Elwell,Portugal,20
532,Margalo,Plevey,China,70
533,Carlynn,Bartoszek,Brazil,69
534,Talya,Savell,China,36
535,Barret,Kinney,Iran,92
536,Hamnet,Bruty,Panama,53
537,Jacky,Whyberd,Indonesia,20
538,Der,Cromblehome,Indonesia,83
539,Kristo,Ivakhno,Syria,100
540,Averil,Gally,Poland,88
541,Rhoda,Bartoloma,Russia,91
542,Vassili,McGreil,China,100
543,Jillane,Letrange,Peru,10
544,Kendal,Gerry,United States,50
545,Clarine,MacAnespie,Czech Republic,53
546,Fifine,Fradgley,United States,48
547,Guthrey,Tappin,Indonesia,29
548,Deck,Bodman,Netherlands,17
549,Katharyn,Wingar,China,90
550,Rochella,Bogey,Philippines,17
551,Wallache,Shutte,Uzbekistan,62
552,Ina,Allbrook,Portugal,14
553,Galen,Bexley,Brazil,95
554,Fayre,Eakle,Canada,54
555,Marilee,Karpol,Indonesia,43
556,Kliment,Chritchley,Serbia,28
557,Ewart,Giller,Palestinian Territory,100
558,Penelopa,McMurdo,Honduras,95
559,Cami,Garnar,Indonesia,55
560,Florida,Luetkemeyer,China,42
561,Bogart,Anelay,Guatemala,68
562,Sherlock,Dumberrill,Serbia,11
563,Esther,Petriello,Azerbaijan,50
564,Karalee,Milnthorpe,Malaysia,36
565,Gwendolin,Cullinane,China,52
566,Madelina,Tomaszewski,Indonesia,22
567,Norby,Gosselin,United States,44
568,Ban,Balcock,Argentina,94
569,Larisa,Brimner,Russia,73
570,Helenelizabeth,Lytlle,Cuba,78
571,Kynthia,St Leger,China,77
572,Andi,Robertot,Cuba,2
573,Chantalle,Mincini,Greece,62
574,Karim,Delve,France,4
575,Elbertine,Lewsie,United States,55
576,Cristina,Tomney,France,6
577,Grange,Bunney,Vietnam,76
578,Teressa,Bernhart,Philippines,25
579,Olivier,Bachelar,Seychelles,60
580,Charmane,Methley,Portugal,94
581,Rafi,Willcot,Pakistan,90
582,Pietra,Romanski,China,38
583,Nelle,Arnout,China,20
584,Kennan,Fedorski,Russia,44
585,Pall,Elsmere,United States,17
586,Starlin,Bliben,Indonesia,22
587,Aileen,Demangel,Cameroon,98
588,Dulcine,Bullard,Serbia,56
589,Courtney,Millsom,Greece,41
590,Amitie,Cuschieri,Colombia,76
591,Law,Fenkel,Bulgaria,4
592,Artus,Bohike,Sweden,45
593,Sherline,Satchell,China,21
594,Norton,Garrals,Japan,36
595,Jack,Giocannoni,United States,11
596,Sarene,Tremellier,Czech Republic,27
597,Sigismondo,Wiggall,China,65
598,Debbie,Karczinski,China,8
599,Salomi,Scudamore,Indonesia,88
600,Jonie,Cloonan,Peru,24
601,Rolph,Queyeiro,Thailand,32
602,Ange,Semonin,Brazil,88
603,Estrella,Reame,Greece,53
604,Joana,Brattan,Cameroon,50
605,Mathew,Faulo,Namibia,49
606,Diann,Sword,Zambia,64
607,Udell,Appleyard,Argentina,28
608,Lefty,Lythgoe,Philippines,71
609,Page,Hawkings,Russia,36
610,Rona,Kleinber,China,9
611,Jaquenetta,Popland,Brazil,32
612,Tiffani,Freeland,Sweden,92
613,Bendicty,Pilbeam,China,51
614,Colet,Idell,Indonesia,17
615,Sheila-kathryn,Matzke,Russia,32
616,Elsie,Glaister,Honduras,94
617,Clio,Durtnel,China,83
618,Merissa,Hall-Gough,Comoros,54
619,Moritz,Berr,Switzerland,60
620,Miner,Alban,Philippines,71
621,Carleton,Treppas,Indonesia,16
622,Alf,Rate,Canada,37
623,Jacklyn,Mathewson,Philippines,30
624,Colver,Cutchey,Greece,14
625,Rockwell,Skitterel,Indonesia,37
626,Devinne,Bradberry,Pakistan,10
627,Shel,Swinburne,Pakistan,38
628,Elli,Richmont,Philippines,52
629,Emogene,Stansell,Colombia,53
630,Chris,Jirus,Poland,51
631,Pegeen,Segoe,Pakistan,37
632,Sheelagh,Scougall,Thailand,14
633,Jeanine,Ballantine,Indonesia,86
634,Salli,Beed,Indonesia,76
635,Corbet,Antoney,Indonesia,76
636,Berny,Ibbitt,Poland,14
637,Ninnette,McMillan,Poland,37
638,Agretha,Rhys,Norway,85
639,Tasia,Fairbard,Chile,67
640,Bernete,Sexti,Norway,68
641,Guendolen,Beckinsall,Indonesia,20
642,Caryl,Haslehurst,Indonesia,10
643,Rubi,Castellani,Nigeria,9
644,Deny,O'Hern,Sweden,19
645,Rayna,Ondrasek,Russia,90
646,Omero,Latan,China,33
647,Jeromy,Ransbury,Russia,85
648,Harper,Bellows,Philippines,79
649,Hakeem,Nelthorp,Cuba,24
650,Hyatt,Corselles,China,36
651,Aaron,Bruton,Croatia,49
652,Margo,Gansbuhler,Canada,73
653,Nana,Habert,Honduras,45
654,Jone,Weight,Indonesia,34
655,Erma,Hardy-Piggin,Philippines,48
656,Pablo,Ashby,China,46
657,Gerrilee,Sheere,China,29
658,Reta,Marmyon,Macedonia,33
659,Willyt,Mengo,Slovenia,32
660,Lanna,Ludovici,China,92
661,Marget,Genn,Czech Republic,76
662,Giustino,Jahns,United States,70
663,Catlee,Renachowski,Czech Republic,82
664,Abbe,Iacovone,Poland,53
665,Murdock,Lowndsborough,Philippines,50
666,Petronille,Veronique,Malaysia,66
667,Wiley,Kinzel,Indonesia,93
668,Freedman,Briiginshaw,Philippines,35
669,Mitch,Caress,Ukraine,95
670,Sonia,Sidney,China,46
671,Lindsay,Clausson,Russia,50
672,Vitoria,Blizard,China,33
673,Dinny,Mulloch,Croatia,46
674,Tildie,Cowlas,Indonesia,98
675,Thaddeus,Walkden,Indonesia,96
676,Arny,Twigg,Indonesia,28
677,Natalee,Spilsted,Russia,36
678,Clair,Kingcott,Hungary,6
679,Bondy,Whitmell,Indonesia,48
680,Lyn,Coulling,Philippines,20
681,Danila,Clery,China,56
682,Lauraine,Reckus,Philippines,32
683,Bernelle,Othick,Poland,70
684,Seka,Dispencer,Sweden,78
685,Amandy,Scoyles,Malaysia,44
686,Darda,Sausman,China,6
687,Chrysler,Kulic,Thailand,68
688,Candie,Speedy,Luxembourg,73
689,Cathryn,Easom,Colombia,9
690,Karyn,Braunes,Armenia,95
691,Aharon,Crinson,Indonesia,72
692,Misty,Shwenn,Jamaica,83
693,Barnabas,Balshaw,China,87
694,Carol-jean,Ghione,Netherlands,19
695,Judith,Adie,Philippines,1
696,Bethany,Blonfield,Sweden,54
697,Adelle,Crackett,China,43
698,Lindy,Minall,Poland,36
699,Shanta,Duval,Pakistan,55
700,Germaine,Ingraham,United States,58
701,Kilian,Foulis,Latvia,22
702,Carlene,Filipponi,Indonesia,54
703,Jory,Johnikin,Japan,39
704,Smith,Rodwell,Argentina,97
705,Horatius,Cansdill,Mauritius,86
706,Lynelle,Bulteel,Czech Republic,73
707,Perren,Ardern,China,97
708,Lyndsay,Bringloe,Philippines,13
709,Nan,Clipston,Sri Lanka,73
710,Rollo,Kingswood,Lebanon,13
711,Millisent,Kunes,Sweden,84
712,Rawley,Benoix,Peru,9
713,Hedwiga,Ruoff,Indonesia,50
714,Maure,Rubinovici,Vietnam,73
715,Pasquale,Phillippo,China,91
716,Aili,Anders,China,11
717,Lombard,Janoschek,Dominican Republic,47
718,Chrissie,Randalston,El Salvador,59
719,Kylynn,Baugh,Philippines,75
720,Tedra,Rainger,China,96
721,Benito,Meneo,Czech Republic,57
722,Abby,Gosker,Argentina,7
723,Noella,Wharlton,Sweden,56
724,Alvy,Carnilian,Afghanistan,96
725,Raine,Head,Saudi Arabia,35
726,Lodovico,Woolmore,China,28
727,Kacie,Cropp,Netherlands,53
728,Ruby,Isherwood,China,56
729,Zsa zsa,Baldack,Brazil,92
730,Yetty,Bircher,Poland,97
731,York,Ingarfill,South Africa,56
732,Nesta,Mellhuish,Indonesia,75
733,Anstice,Carlett,Belarus,89
734,Cordelie,Sharpling,Poland,47
735,Ezmeralda,Fasham,China,32
736,Zahara,Steaning,China,6
737,Delia,Hincks,Czech Republic,89
738,Dinnie,Mirfin,Czech Republic,92
739,Gilda,Dundin,Morocco,47
740,Hadria,Carson,China,97
741,Arch,Wharby,Indonesia,56
742,Odele,Fader,Sweden,48
743,Northrop,Hazeley,Sweden,44
744,Concettina,Maclean,China,48
745,Marve,Gallagher,Indonesia,77
746,Gabriell,Whylie,China,15
747,Eunice,Swanborrow,China,25
748,Paolina,Gerding,Tajikistan,73
749,Brodie,Blackster,Guatemala,39
750,Arlee,McMyler,Tanzania,75
751,Adel,Holbie,Philippines,35
752,Anita,Lunk,China,27
753,Fernanda,Reckhouse,Brazil,91
754,Keane,Aubert,Philippines,74
755,Anette,Craufurd,Brazil,32
756,Alene,Lots,Thailand,22
757,Vania,Barajas,Greece,60
758,Winonah,Engel,Indonesia,33
759,Rosalia,Frowde,United States,32
760,Deerdre,Haruard,Vietnam,42
761,Stan,Caldwell,Angola,24
762,Claude,Robart,France,79
763,Eveline,Geach,China,58
764,Jon,Halpen,Russia,26
765,Cindee,Dell,China,47
766,Nathan,Spyby,Canada,17
767,Sadye,Parkhouse,Chad,14
768,Lethia,Dowsett,Sweden,14
769,Catlaina,Lasseter,Guatemala,36
770,Robb,Kilfoyle,Indonesia,87
771,Barthel,Lob,China,45
772,Jared,Barbary,Peru,21
773,Welsh,Scourfield,Tunisia,29
774,Alfons,Dugdale,South Africa,2
775,Brent,Brokenbrow,Russia,11
776,Winny,Orbine,Finland,98
777,Georgeta,Hamby,Costa Rica,82
778,Skipton,Baison,Sweden,28
779,Ki,McIver,China,83
780,Clemence,Swindlehurst,Kazakhstan,26
781,Carmine,Willder,Thailand,14
782,Teodorico,McIlwain,Zambia,8
783,Baillie,Cowerd,Indonesia,44
784,Arabela,Hallford,France,98
785,Jonah,Roomes,Armenia,51
786,Gardy,Gateman,Cuba,26
787,Antonetta,Jakubovits,Greece,73
788,Bernadine,Barr,Dominican Republic,13
789,Kira,Searl,El Salvador,28
790,Lemmy,Frushard,Colombia,44
791,Skippie,Flores,Indonesia,60
792,Almeta,Napthine,China,51
793,Dorisa,Bygreaves,Netherlands,41
794,Savina,O'Meara,France,77
795,Cletis,Nabarro,Sweden,7
796,Jervis,Boise,China,80
797,Caldwell,Coolican,Indonesia,32
798,Aymer,Streetfield,Vietnam,11
799,Montgomery,St. Ledger,Poland,62
800,Xylia,Burner,Indonesia,12
801,Klara,Larose,Indonesia,4
802,Ardyth,Powdrell,Indonesia,58
803,Shanda,Noone,Brazil,30
804,Clari,Durak,Indonesia,46
805,Rahal,Speedy,Slovenia,95
806,Dall,Sutterby,Hungary,49
807,Orland,Gaskin,Ukraine,34
808,Bary,Salaman,China,56
809,Oran,Deave,China,25
810,Fianna,Darbey,Ukraine,67
811,Vinson,Cuckoo,Poland,14
812,Daffie,Losebie,Indonesia,70
813,Lea,Cudmore,Netherlands,5
814,Dore,Tomadoni,Colombia,50
815,Malvina,Danovich,Canada,55
816,Andee,Goode,China,64
817,Lora,Ivchenko,China,71
818,Bram,Smithin,Argentina,43
819,Norine,Bastable,Ukraine,43
820,Alan,Trueman,Croatia,71
821,Dill,Poulston,Russia,75
822,Emiline,Quarmby,Kazakhstan,18
823,Barclay,Paxman,Turkmenistan,72
824,Shawn,Gathwaite,Russia,54
825,Miof mela,Poundesford,Brazil,9
826,Chaddie,MacDonogh,Greece,84
827,Evey,Garton,Serbia,4
828,Miller,Cappineer,Panama,85
829,Nerty,Lauxmann,Indonesia,67
830,Shepperd,Turnell,Sweden,63
831,Maurise,Ketchen,China,23
832,Luella,Seton,Kenya,12
833,Isidora,Credland,Philippines,32
834,Davey,Kubelka,Chad,78
835,Elinore,Gorden,Argentina,2
836,Kaiser,Zammett,China,29
837,Seumas,Stairs,China,67
838,Lancelot,Hall,France,31
839,Wells,Ivashechkin,Cyprus,1
840,Norry,Mullane,Canada,32
841,Iain,Grut,Sweden,55
842,Kacie,Duly,Japan,80
843,Neddie,Galgey,Russia,70
844,Callean,Lumm,Indonesia,67
845,Hetty,Dincke,Saint Helena,53
846,Clay,Jakoviljevic,China,43
847,Gnni,Hindrich,Indonesia,58
848,Benjie,Djokic,Indonesia,23
849,Ginevra,Norcliff,Poland,46
850,Donnie,Peggs,Netherlands,3
851,Nataline,Poller,Brazil,11
852,Noreen,Gaythwaite,China,13
853,Marcel,Kernell,Comoros,44
854,Shanna,Creasy,South Africa,59
855,Garland,Dunks,France,20
856,Alfred,Girardin,Finland,78
857,Berni,Stennes,Philippines,44
858,Nicolas,Player,Philippines,48
859,Anjanette,Moverley,Panama,34
860,Lizzie,Fredi,China,31
861,Ban,Shervington,Pakistan,19
862,Rutter,Lupson,Tajikistan,73
863,Lira,Risebrow,Poland,33
864,Aeriell,Buckenhill,Puerto Rico,38
865,Morly,Bandiera,China,38
866,Zach,Habbert,Indonesia,58
867,Henri,Benner,Portugal,89
868,Hale,Giovanitti,Indonesia,86
869,Diane-marie,Stitch,Brazil,41
870,Dasie,McAw,China,22
871,Thedrick,Reisenberg,Hong Kong,32
872,Evie,Paddon,Czech Republic,86
873,Celinda,Blayney,Latvia,50
874,Penrod,Pexton,Finland,91
875,Gigi,Blazey,China,14
876,Benjamin,Caddick,China,54
877,Alvin,Alvarado,France,32
878,Tootsie,Netti,China,23
879,Scarlet,Bachs,Poland,12
880,Olga,Bilborough,Czech Republic,13
881,Gail,Ganley,Indonesia,56
882,Hillary,Bidewel,Sri Lanka,47
883,Blithe,Colter,China,47
884,Karlen,Luten,Brazil,100
885,Stearn,Matveiko,North Korea,16
886,Sylvia,Duigan,Sweden,75
887,Gannon,Kingsnod,Indonesia,43
888,Vonni,Challens,Poland,90
889,Delila,Merrgen,Sweden,76
890,Alexine,Vlahos,Vietnam,68
891,Prue,Sprason,Sweden,95
892,Hamid,Shovelbottom,China,78
893,Augustina,Volett,Indonesia,28
894,Alexandro,Dunstan,Canada,76
895,Carver,Yanuk,Poland,47
896,Stanfield,Yearn,Nigeria,31
897,Karel,Dyton,China,37
898,Marilee,Assinder,Indonesia,32
899,Samaria,Cousans,Japan,87
900,Herbie,Titcumb,Indonesia,56
901,Drud,Blazej,China,11
902,Bronson,Reynault,Australia,47
903,Grenville,Stubbin,Germany,5
904,Teddy,Landsman,China,58
905,Viki,Mercy,Mexico,100
906,Gayler,Ritzman,Russia,85
907,Dael,Burnsell,Indonesia,37
908,Trudey,Marlen,Egypt,5
909,Stefa,Shilling,China,12
910,Doe,Alleyn,Indonesia,30
911,Benoite,Ledgeway,Ukraine,36
912,Agna,Diffley,China,49
913,Beryle,Duffyn,Nicaragua,99
914,Lew,Brookhouse,Albania,18
915,Gussi,Grumble,Brazil,72
916,Vickie,Semken,Indonesia,22
917,Frannie,Fullun,China,9
918,Nathanil,Chelam,China,76
919,Baxy,Mariyushkin,Philippines,96
920,Gunar,Shirlaw,Indonesia,84
921,Clovis,Burditt,Serbia,85
922,Alis,Hawket,Germany,79
923,Axel,Fowley,Ukraine,69
924,Orin,Brightey,Colombia,94
925,Joan,Saull,France,51
926,Delmore,Trahearn,Colombia,58
927,Erminia,Mc Comb,Bosnia and Herzegovina,42
928,Clint,Sighart,China,69
929,Chas,Olyff,Pakistan,57
930,Teirtza,Longrigg,Philippines,76
931,Laurianne,Blackney,Japan,18
932,Henry,Smead,Russia,80
933,Allsun,Kinsman,Portugal,77
934,Dorie,Grunson,China,18
935,Sheree,Maber,China,30
936,Elston,McCorkindale,Philippines,19
937,Gerik,Billingsly,China,22
938,Inglis,Ybarra,Indonesia,97
939,Britteny,Supple,Brazil,24
940,Ilyse,Lavery,Portugal,10
941,Sallyann,Tunesi,Ivory Coast,100
942,Rayshell,Proudley,Indonesia,20
943,Mathew,Collete,Argentina,32
944,Page,Gambrell,Russia,96
945,Gabriella,Winsbury,Indonesia,68
946,Kahlil,Shawdforth,Djibouti,49
947,Rozalie,Drew,Russia,92
948,Lyon,Salvatore,Kazakhstan,95
949,Starlene,Matus,China,54
950,Valle,Goodinson,Russia,7
951,Kiah,Blase,United States,30
952,Janetta,Clemes,Brazil,41
953,Aleen,Townson,Brazil,59
954,Sheelah,Neames,China,71
955,Gretna,Stockton,China,18
956,Laetitia,Dobrowski,Indonesia,95
957,Alexis,Mowbray,Czech Republic,2
958,Tildi,Marguerite,China,43
959,Goraud,Bock,Poland,100
960,Alexandra,Kent,Portugal,76
961,Olenka,Forseith,Nepal,74
962,Jim,O'Driscoll,Philippines,5
963,Dene,Ferebee,Colombia,77
964,Alessandro,Fairhurst,Sweden,39
965,Chery,Hukin,South Korea,97
966,Ban,Worthy,Argentina,99
967,Wilhelmine,Tebbe,Russia,62
968,Dal,Coulston,Spain,40
969,Brook,Toyer,Pakistan,19
970,Ginny,Odhams,Colombia,82
971,Royall,Buckthorp,Sweden,58
972,Natassia,Obee,China,66
973,Cherin,Leopold,France,81
974,Marve,Wince,Japan,60
975,Matelda,Wemm,China,99
976,Dorotea,Willes,Philippines,62
977,Ignaz,Schultze,Mali,95
978,Bar,Nassau,Cuba,44
979,Hermina,Thackham,Nigeria,65
980,Andriette,Pesticcio,Indonesia,85
981,Vitoria,Enion,Nepal,43
982,Elnora,O'Hoolahan,Chile,58
983,Addie,Finlay,Sweden,8
984,Ibbie,Axup,China,8
985,Jobyna,Bickley,Russia,7
986,Melisande,Honeyghan,China,55
987,Craggie,Waddy,Venezuela,88
988,Orren,Kingscote,Ethiopia,46
989,Nickola,Preene,Japan,65
990,Marlow,Van Baaren,Malaysia,24
991,Brad,Roycroft,Czech Republic,17
992,Bryan,Mutimer,Brazil,74
993,Findlay,Goodspeed,China,59
994,Beltran,Matejovsky,Peru,9
995,Beck,Saurin,Czech Republic,71
996,Kris,Heliot,China,74
997,Odilia,Luker,Norway,16
998,Benedicto,Chinnick,China,39
999,Appolonia,Dymocke,Greece,9
1000,Winona,Halms,China,11
